<?xml version="1.0" encoding="ISO-8859-1"?>

<providers>
	<provider>
		<domains>
			<domain>operamail.com</domain>
		</domains>
		<username use="custom">$u:operamail.com#operamail.com</username>
		<servers>
			<server protocol="pop">
				<host>pop3.operamail.com</host>
				<auth>auto</auth>
				<secure>no</secure>
			</server>
			<server protocol="smtp">
				<host>smtpx.operamail.com</host>
				<port>587</port>
				<auth>auto</auth>
				<secure>no</secure>
			</server>
		</servers>
	</provider>

	<provider>
		<domains>
			<domain>gmail.com</domain>
			<domain>googlemail.com</domain>
		</domains>
		<username use="email" />
		<preferred>imap</preferred>
		<servers>
			<server protocol="imap">
				<host>imap.gmail.com</host>
				<port>993</port>
				<auth>auto</auth>
				<secure>yes</secure>
			</server>
			<server protocol="pop">
				<host>pop.gmail.com</host>
				<port>995</port>
				<auth>auto</auth>
				<secure>yes</secure>
			</server>
			<server protocol="smtp">
				<host>smtp.gmail.com</host>
				<port>587</port>
				<auth>auto</auth>
				<secure>yes</secure>
			</server>
		</servers>
	</provider>

	<provider>
		<domains>
			<domain>myrealbox.com</domain>
		</domains>
		<username use="user" />
		<preferred>pop</preferred>
		<servers>
			<server protocol="pop">
				<host>pop3.myrealbox.com</host>
				<auth>auto</auth>
				<secure>yes</secure>
			</server>
			<server protocol="imap">
				<host>imap.myrealbox.com</host>
				<auth>auto</auth>
				<secure>yes</secure>
			</server>
			<server protocol="smtp">
				<host>smtp.myrealbox.com</host>
				<auth>auto</auth>
				<secure>yes</secure>
			</server>
		</servers>
	</provider>

	<provider>
		<domains>
			<domain>123mail.org</domain>
			<domain>150mail.com</domain>
			<domain>150ml.com</domain>
			<domain>16mail.com</domain>
			<domain>2-mail.com</domain>
			<domain>4email.net</domain>
			<domain>50mail.com</domain>
			<domain>airpost.net</domain>
			<domain>allmail.net</domain>
			<domain>bestmail.us</domain>
			<domain>cluemail.com</domain>
			<domain>elitemail.org</domain>
			<domain>emailcorner.net</domain>
			<domain>emailengine.net</domain>
			<domain>emailengine.org</domain>
			<domain>emailgroups.net</domain>
			<domain>emailplus.org</domain>
			<domain>emailuser.net</domain>
			<domain>eml.cc</domain>
			<domain>fastem.com</domain>
			<domain>fast-email.com</domain>
			<domain>fastemail.us</domain>
			<domain>fastemailer.com</domain>
			<domain>fastest.cc</domain>
			<domain>fastimap.com</domain>
			<domain>fastmail.cn</domain>
			<domain>fastmail.com.au</domain>
			<domain>fastmail.fm</domain>
			<domain>fastmail.jp</domain>
			<domain>fastmail.us</domain>
			<domain>fastmail.co.uk</domain>
			<domain>fastmail.to</domain>
			<domain>fmail.co.uk</domain>
			<domain>fast-mail.org</domain>
			<domain>fastmailbox.net</domain>
			<domain>fastmessaging.com</domain>
			<domain>fea.st</domain>
			<domain>f-m.fm</domain>
			<domain>fmailbox.com</domain>
			<domain>fmgirl.com</domain>
			<domain>fmguy.com</domain>
			<domain>ftml.net</domain>
			<domain>hailmail.net</domain>
			<domain>h-mail.us</domain>
			<domain>imap.cc</domain>
			<domain>imap-mail.com</domain>
			<domain>imapmail.org</domain>
			<domain>inoutbox.com</domain>
			<domain>internet-e-mail.com</domain>
			<domain>internetemails.net</domain>
			<domain>internet-mail.org</domain>
			<domain>internetmailing.net</domain>
			<domain>jetemail.net</domain>
			<domain>justemail.net</domain>
			<domain>letterboxes.org</domain>
			<domain>mailandftp.com</domain>
			<domain>mailas.com</domain>
			<domain>mailbolt.com</domain>
			<domain>mailc.net</domain>
			<domain>mailcan.com</domain>
			<domain>mail-central.com</domain>
			<domain>mailforce.net</domain>
			<domain>mailftp.com</domain>
			<domain>mailhaven.com</domain>
			<domain>mailingaddress.org</domain>
			<domain>mailite.com</domain>
			<domain>mailmight.com</domain>
			<domain>mailnew.com</domain>
			<domain>mail-page.com</domain>
			<domain>mailsent.net</domain>
			<domain>mailservice.ms</domain>
			<domain>mailup.net</domain>
			<domain>mailworks.org</domain>
			<domain>ml1.net</domain>
			<domain>mm.st</domain>
			<domain>myfastmail.com</domain>
			<domain>mymacmail.com</domain>
			<domain>nospammail.net</domain>
			<domain>ownmail.net</domain>
			<domain>petml.com</domain>
			<domain>postinbox.com</domain>
			<domain>postpro.net</domain>
			<domain>proinbox.com</domain>
			<domain>promessage.com</domain>
			<domain>realemail.net</domain>
			<domain>reallyfast.biz</domain>
			<domain>reallyfast.info</domain>
			<domain>rushpost.com</domain>
			<domain>sent.as</domain>
			<domain>sent.at</domain>
			<domain>sent.com</domain>
			<domain>speedpost.net</domain>
			<domain>speedymail.org</domain>
			<domain>ssl-mail.com</domain>
			<domain>swift-mail.com</domain>
			<domain>the-fastest.net</domain>
			<domain>theinternetemail.com</domain>
			<domain>the-quickest.com</domain>
			<domain>veryfast.biz</domain>
			<domain>veryspeedy.net</domain>
			<domain>warpmail.net</domain>
			<domain>xsmail.com</domain>
			<domain>yepmail.net</domain>
			<domain>your-mail.com</domain>
		</domains>
		<username use="email" />
		<preferred>imap</preferred>
		<servers>
			<server protocol="pop">
				<host>mail.messagingengine.com</host>
				<auth>auto</auth>
				<secure>yes</secure>
			</server>
			<server protocol="imap">
				<host>mail.messagingengine.com</host>
				<auth>auto</auth>
				<secure>yes</secure>
			</server>
			<server protocol="smtp">
				<host>mail.messagingengine.com</host>
				<auth>auto</auth>
				<secure>yes</secure>
			</server>
		</servers>
	</provider>

	<provider>
		<domains>
			<domain>yahoo.com</domain>
		</domains>
		<username use="email" />
		<servers>
			<server protocol="pop">
				<host>pop.mail.yahoo.com</host>
				<auth>auto</auth>
				<secure>yes</secure>
			</server>
			<server protocol="smtp">
				<host>smtp.mail.yahoo.com</host>
				<port>587</port>
				<auth>auto</auth>
				<secure>yes</secure>
			</server>
		</servers>
	</provider>

	<provider>
		<domains>
			<domain>runbox.com</domain>
			<domain>runbox.no</domain>
		</domains>
		<username use="user" />
		<preferred>pop</preferred>
		<servers>
			<server protocol="imap">
				<host>secure.runbox.com</host>
				<port>993</port>
				<auth>auto</auth>
				<secure>yes</secure>
			</server>
			<server protocol="pop">
				<host>secure.runbox.com</host>
				<port>995</port>
				<auth>auto</auth>
				<secure>yes</secure>
			</server>
			<server protocol="smtp">
				<host>secure.runbox.com</host>
				<port>587</port>
				<auth>auto</auth>
				<secure>yes</secure>
			</server>
		</servers>
	</provider>

	<provider>
		<domains>
			<domain>mac.com</domain>
		</domains>
		<username use="user" />
		<preferred>imap</preferred>
		<servers>
			<server protocol="imap">
				<host>mail.mac.com</host>
				<auth>auto</auth>
				<secure>yes</secure>
			</server>
			<server protocol="pop">
				<host>mail.mac.com</host>
				<auth>auto</auth>
				<secure>yes</secure>
			</server>
			<server protocol="smtp">
				<host>smtp.mac.com</host>
				<port>587</port>
				<auth>auto</auth>
				<secure>yes</secure>
			</server>
		</servers>
	</provider>

	<provider>
		<domains>
			<domain>aim.com</domain>
		</domains>
		<username use="user" />
		<servers>
			<server protocol="pop">
				<host>pop.aim.com</host>
				<auth>auto</auth>
				<secure>yes</secure>
			</server>
			<server protocol="imap">
				<host>imap.aim.com</host>
				<auth>auto</auth>
				<secure>yes</secure>
			</server>
			<server protocol="smtp">
				<host>smtp.aim.com</host>
				<port>587</port>
				<auth>auto</auth>
				<secure>yes</secure>
			</server>
		</servers>
	</provider>

	<provider>
		<domains>
			<domain>aol.com</domain>
		</domains>
		<username use="user" />
		<servers>
			<server protocol="pop">
				<host>pop.aol.com</host>
				<auth>auto</auth>
				<secure>yes</secure>
			</server>
			<server protocol="imap">
				<host>imap.aol.com</host>
				<auth>auto</auth>
				<secure>yes</secure>
			</server>
			<server protocol="smtp">
				<host>smtp.aol.com</host>
				<port>587</port>
				<auth>auto</auth>
				<secure>yes</secure>
			</server>
		</servers>
	</provider>

	<provider>
		<domains>
			<domain>gmx.de</domain>
			<domain>gmx.net</domain>
			<domain>gmx.at</domain>
			<domain>gmx.com</domain>
			<domain>gmx.org</domain>
			<domain>gmx.biz</domain>
			<domain>gmx.info</domain>
			<domain>gmx.tm</domain>
		</domains>
		<username use="email" />
		<preferred>pop</preferred>
		<servers>
			<server protocol="pop">
				<host>pop.gmx.net</host>
				<port>995</port>
				<auth>auto</auth>
				<secure>yes</secure>
			</server>
			<server protocol="imap">
				<host>imap.gmx.net</host>
				<port>993</port>
				<auth>auto</auth>
				<secure>yes</secure>
			</server>
			<server protocol="smtp">
				<host>mail.gmx.net</host>
				<port>587</port>
				<auth>auto</auth>
				<secure>yes</secure>
			</server>
		</servers>
	</provider>

	<provider>
		<domains>
			<domain>hushmail.com</domain>
		</domains>
		<username use="email" />
		<servers>
			<server protocol="imap">
				<host>mailserver4.hushmail.com</host>
				<auth>auto</auth>
				<secure>yes</secure>
			</server>
			<server protocol="smtp">
				<host>smtp.hushmail.com</host>
				<port>587</port>
				<auth>auto</auth>
				<secure>yes</secure>
			</server>
		</servers>
	</provider>

	<provider>
		<domains>
			<domain>lycos.com</domain>
		</domains>
		<username use="user" />
		<servers>
			<server protocol="pop">
				<host>pop.mail.lycos.com</host>
				<auth>auto</auth>
			</server>
			<server protocol="smtp">
				<host>smtp.mail.lycos.com</host>
				<auth>auto</auth>
			</server>
		</servers>
	</provider>

	<provider>
		<domains>
			<domain>excite.com</domain>
		</domains>
		<username use="email" />
		<servers>
			<server protocol="pop">
				<host>pop3.excite.com</host>
				<auth>auto</auth>
			</server>
			<server protocol="smtp">
				<host>smtp.excite.com</host>
				<auth>auto</auth>
			</server>
		</servers>
	</provider>

	<provider>
		<domains>
			<domain>mail.ru</domain>
		</domains>
		<username use="email" />
		<preferred>pop</preferred>
		<servers>
			<server protocol="pop">
				<host>pop.mail.ru</host>
				<auth>auto</auth>
			</server>
			<server protocol="imap">
				<host>imap.mail.ru</host>
				<auth>auto</auth>
			</server>
			<server protocol="smtp">
				<host>smtp.mail.ru</host>
				<port>587</port>
				<auth>auto</auth>
			</server>
		</servers>
	</provider>

	<provider>
		<domains>
			<domain>rediffmail.com</domain>
		</domains>
		<username use="email" />
		<servers>
			<server protocol="pop">
				<host>pop.rediffmail.com</host>
				<auth>auto</auth>
			</server>
			<server protocol="smtp">
				<host>smtp.rediffmail.com</host>
				<auth>auto</auth>
			</server>
		</servers>
	</provider>

	<provider>
		<domains>
			<domain>tuffmail.com</domain>
			<domain>tuffmail.co.uk</domain>
			<domain>tuffmail.cc</domain>
			<domain>tuffbx.com</domain>
			<domain>tmbox.com</domain>
			<domain>tm20.com</domain>
			<domain>tmbx.com</domain>
			<domain>tmbx.us</domain>
		</domains>
		<username use="email" />
		<preferred>pop</preferred>
		<servers>
			<server protocol="imap">
				<host>mail.mxes.net</host>
				<port>143</port>
				<auth>auto</auth>
				<secure>yes</secure>
			</server>
			<server protocol="pop">
				<host>mail.mxes.net</host>
				<port>110</port>
				<auth>auto</auth>
				<secure>yes</secure>
			</server>
			<server protocol="smtp">
				<host>smtp.mxes.net</host>
				<port>587</port>
				<auth>auto</auth>
				<secure>yes</secure>
			</server>
		</servers>
	</provider>

	<provider>
		<domains>
			<domain>web.de</domain>
		</domains>
		<username use="user" />
		<preferred>pop</preferred>
		<servers>
			<server protocol="imap">
				<host>imap.web.de</host>
				<port>993</port>
				<auth>auto</auth>
				<secure>yes</secure>
			</server>
			<server protocol="pop">
				<host>pop3.web.de</host>
				<port>995</port>
				<auth>auto</auth>
				<secure>yes</secure>
			</server>
			<server protocol="smtp">
				<host>smtp.web.de</host>
				<port>587</port>
				<auth>auto</auth>
			</server>
		</servers>
	</provider>

	<provider>
		<domains>
			<domain>opera.com</domain>
		</domains>
		<username use="user" />
		<preferred>imap</preferred>
		<servers>
			<server protocol="pop">
				<host>mail.opera.com</host>
				<auth>auto</auth>
				<secure>yes</secure>
			</server>
			<server protocol="imap">
				<host>mail.opera.com</host>
				<auth>auto</auth>
				<secure>yes</secure>
			</server>
			<server protocol="smtp">
				<host>smtp.opera.com</host>
				<port>587</port>
				<auth>auto</auth>
				<secure>yes</secure>
			</server>
		</servers>
	</provider>
</providers>

