<?xml version="1.0" encoding="UTF-8"?>
<!DOCTYPE plist PUBLIC "-//Apple//DTD PLIST 1.0//EN" "http://www.apple.com/DTDs/PropertyList-1.0.dtd">
<plist version="1.0">
<dict>
	<key>baseStyle</key>
	<dict>
		<key>font-family</key>
		<string>Lucida Grande</string>
		<key>font-size</key>
		<real>10</real>
	</dict>
	<key>columnTitleStyle</key>
	<dict>
		<key>font-size</key>
		<real>11</real>
		<key>font-weight</key>
		<integer>9</integer>
		<key>paragraph-alignment</key>
		<string>center</string>
	</dict>
	<key>cost</key>
	<real>98300.03125</real>
	<key>currencyStyle</key>
	<string>$1,235</string>
	<key>displayDates</key>
	<true/>
	<key>displayProperties</key>
	<array>
		<dict>
			<key>GanttGroupShading</key>
			<false/>
			<key>GanttVisibleRect</key>
			<string>{{0, 0}, {0, 0}}</string>
			<key>OutlineVisibleRect</key>
			<string>{{0, 0}, {1252, 647}}</string>
			<key>ScaleWidths</key>
			<dict>
				<key>Automatic</key>
				<real>100</real>
				<key>Day</key>
				<real>405</real>
				<key>Hour</key>
				<real>21960</real>
				<key>Minute</key>
				<real>21600</real>
				<key>Month</key>
				<real>11.5</real>
				<key>Quarter</key>
				<real>3.2000000476837158</real>
				<key>Week</key>
				<real>54</real>
				<key>Year</key>
				<real>0.78749996423721313</real>
			</dict>
			<key>SelectedPlanView</key>
			<integer>1</integer>
			<key>SelectedScale</key>
			<string>Month</string>
			<key>SelectedView</key>
			<integer>0</integer>
			<key>SheetSettings</key>
			<dict>
				<key>LevelConstrainsCompletionDate</key>
				<false/>
				<key>LevelUpdatesSelectedTasks</key>
				<false/>
				<key>RescheduleUpdatesSelectedTasks</key>
				<false/>
			</dict>
			<key>ShouldDrawFolded</key>
			<true/>
			<key>ShowConstraints</key>
			<true/>
			<key>ShowCriticalPath</key>
			<false/>
			<key>ShowDependencyLines</key>
			<true/>
			<key>ShowGanttTimeOff</key>
			<false/>
			<key>activeColumnIdentifiers</key>
			<array>
				<string>Violations</string>
				<string>Notes</string>
				<string>Title</string>
				<string>Effort</string>
				<string>Dependencies</string>
				<string>Start</string>
				<string>End</string>
				<string>Assigned</string>
			</array>
			<key>calendarController</key>
			<dict>
				<key>OutlineVisibleRect</key>
				<string>{{0, 0}, {270, 460}}</string>
				<key>activeColumnIdentifiers</key>
				<array>
					<string>IM</string>
					<string>Notes</string>
					<string>Type</string>
					<string>Resource</string>
					<string>Custom Work Week</string>
					<string>Schedule Exception</string>
				</array>
				<key>columnWidths</key>
				<dict>
					<key>IM</key>
					<real>20</real>
					<key>Notes</key>
					<real>20</real>
					<key>Resource</key>
					<real>135</real>
					<key>Type</key>
					<real>48</real>
				</dict>
			</dict>
			<key>calendarSplit</key>
			<real>0.77505922317504883</real>
			<key>columnWidths</key>
			<dict>
				<key>Assigned</key>
				<real>237</real>
				<key>Dependencies</key>
				<real>116</real>
				<key>Effort</key>
				<real>70</real>
				<key>End</key>
				<real>81</real>
				<key>Notes</key>
				<real>20</real>
				<key>Title</key>
				<real>601</real>
				<key>Violations</key>
				<real>20</real>
			</dict>
			<key>dayWidth</key>
			<real>11.5</real>
			<key>resourceSplit</key>
			<real>0.65351223945617676</real>
			<key>resourcesController</key>
			<dict>
				<key>DayWidth</key>
				<real>25</real>
				<key>OutlineVisibleRect</key>
				<string>{{0, 0}, {424, 647}}</string>
				<key>ScaleWidths</key>
				<dict>
					<key>Automatic</key>
					<real>25</real>
					<key>Day</key>
					<real>405</real>
					<key>Hour</key>
					<real>21960</real>
					<key>Minute</key>
					<real>21600</real>
					<key>Month</key>
					<real>11.5</real>
					<key>Quarter</key>
					<real>3.2000000476837158</real>
					<key>Week</key>
					<real>54</real>
					<key>Year</key>
					<real>0.78749996423721313</real>
				</dict>
				<key>SelectedScale</key>
				<string>Automatic</string>
				<key>TimelineVisibleRect</key>
				<string>{{1624, 0}, {785, 647}}</string>
				<key>activeColumnIdentifiers</key>
				<array>
					<string>IM</string>
					<string>Notes</string>
					<string>Type</string>
					<string>Resource</string>
					<string>#</string>
					<string>Cost/Hour</string>
				</array>
				<key>columnWidths</key>
				<dict>
					<key>#</key>
					<real>75</real>
					<key>IM</key>
					<real>20</real>
					<key>Notes</key>
					<real>20</real>
					<key>Resource</key>
					<real>174</real>
					<key>Type</key>
					<real>48</real>
				</dict>
			</dict>
			<key>side</key>
			<real>0.0</real>
			<key>window</key>
			<string>{{4, -1}, {1276, 778}}</string>
		</dict>
	</array>
	<key>displaySeconds</key>
	<false/>
	<key>displayStatusCompletion</key>
	<true/>
	<key>displayStatusCost</key>
	<true/>
	<key>displayStatusEndDate</key>
	<true/>
	<key>displayStatusStartDate</key>
	<true/>
	<key>displayStatusTitle</key>
	<true/>
	<key>displayTimes</key>
	<true/>
	<key>endDate</key>
	<string>20100428 11:29</string>
	<key>flatNumbering</key>
	<false/>
	<key>groupTaskStyle</key>
	<dict>
		<key>font-weight</key>
		<integer>9</integer>
	</dict>
	<key>notEditableStyle</key>
	<dict>
		<key>font-fill</key>
		<dict>
			<key>w</key>
			<string>0.334677</string>
		</dict>
	</dict>
	<key>noteStyle</key>
	<dict>
		<key>font-family</key>
		<string>Helvetica</string>
		<key>font-fill</key>
		<dict>
			<key>w</key>
			<string>0.334677</string>
		</dict>
		<key>font-italic</key>
		<true/>
	</dict>
	<key>objectId</key>
	<integer>0</integer>
	<key>projectUserKeys</key>
	<array/>
	<key>resourceDifferenceEngine</key>
	<dict>
		<key>nextId</key>
		<integer>101</integer>
	</dict>
	<key>resourceUserKeys</key>
	<array/>
	<key>resources</key>
	<array>
		<dict>
			<key>available</key>
			<real>10</real>
			<key>children</key>
			<array>
				<integer>2</integer>
				<integer>47</integer>
				<integer>63</integer>
				<integer>91</integer>
				<integer>65</integer>
				<integer>4</integer>
				<integer>46</integer>
				<integer>48</integer>
				<integer>12</integer>
				<integer>14</integer>
			</array>
			<key>costPerHour</key>
			<real>80</real>
			<key>objectId</key>
			<integer>-1</integer>
			<key>type</key>
			<integer>3</integer>
		</dict>
		<dict>
			<key>costPerHour</key>
			<real>100</real>
			<key>name</key>
			<string>Project Manager</string>
			<key>objectId</key>
			<integer>2</integer>
		</dict>
		<dict>
			<key>costPerHour</key>
			<real>100</real>
			<key>name</key>
			<string>Software Architect</string>
			<key>objectId</key>
			<integer>4</integer>
		</dict>
		<dict>
			<key>name</key>
			<string>ACME Corporation</string>
			<key>objectId</key>
			<integer>12</integer>
		</dict>
		<dict>
			<key>name</key>
			<string>Almer/Blank</string>
			<key>objectId</key>
			<integer>14</integer>
		</dict>
		<dict>
			<key>costPerHour</key>
			<real>100</real>
			<key>name</key>
			<string>Developer</string>
			<key>objectId</key>
			<integer>46</integer>
		</dict>
		<dict>
			<key>costPerHour</key>
			<real>100</real>
			<key>name</key>
			<string>Project Director</string>
			<key>objectId</key>
			<integer>47</integer>
		</dict>
		<dict>
			<key>costPerHour</key>
			<real>100</real>
			<key>name</key>
			<string>QA</string>
			<key>objectId</key>
			<integer>48</integer>
		</dict>
		<dict>
			<key>costPerHour</key>
			<real>100</real>
			<key>name</key>
			<string>Producer</string>
			<key>objectId</key>
			<integer>63</integer>
		</dict>
		<dict>
			<key>costPerHour</key>
			<real>100</real>
			<key>name</key>
			<string>UX Designer</string>
			<key>objectId</key>
			<integer>65</integer>
		</dict>
		<dict>
			<key>costPerHour</key>
			<real>100</real>
			<key>name</key>
			<string>Visual Designer</string>
			<key>objectId</key>
			<integer>91</integer>
			<key>schedule</key>
			<dict>
				<key>friday</key>
				<dict>
					<key>spans</key>
					<array>
						<dict>
							<key>endTime</key>
							<real>43200</real>
							<key>startTime</key>
							<real>34200</real>
						</dict>
						<dict>
							<key>endTime</key>
							<real>66600</real>
							<key>startTime</key>
							<real>46800</real>
						</dict>
					</array>
				</dict>
				<key>monday</key>
				<dict>
					<key>spans</key>
					<array>
						<dict>
							<key>endTime</key>
							<real>43200</real>
							<key>startTime</key>
							<real>34200</real>
						</dict>
						<dict>
							<key>endTime</key>
							<real>66600</real>
							<key>startTime</key>
							<real>46800</real>
						</dict>
					</array>
				</dict>
				<key>saturday</key>
				<dict>
					<key>spans</key>
					<array>
						<dict>
							<key>endTime</key>
							<real>43200</real>
							<key>startTime</key>
							<real>34200</real>
						</dict>
						<dict>
							<key>endTime</key>
							<real>66600</real>
							<key>startTime</key>
							<real>46800</real>
						</dict>
					</array>
				</dict>
				<key>sunday</key>
				<dict>
					<key>spans</key>
					<array>
						<dict>
							<key>endTime</key>
							<real>43200</real>
							<key>startTime</key>
							<real>34200</real>
						</dict>
						<dict>
							<key>endTime</key>
							<real>66600</real>
							<key>startTime</key>
							<real>46800</real>
						</dict>
					</array>
				</dict>
				<key>thursday</key>
				<dict>
					<key>spans</key>
					<array>
						<dict>
							<key>endTime</key>
							<real>43200</real>
							<key>startTime</key>
							<real>34200</real>
						</dict>
						<dict>
							<key>endTime</key>
							<real>66600</real>
							<key>startTime</key>
							<real>46800</real>
						</dict>
					</array>
				</dict>
				<key>tuesday</key>
				<dict>
					<key>spans</key>
					<array>
						<dict>
							<key>endTime</key>
							<real>43200</real>
							<key>startTime</key>
							<real>34200</real>
						</dict>
						<dict>
							<key>endTime</key>
							<real>66600</real>
							<key>startTime</key>
							<real>46800</real>
						</dict>
					</array>
				</dict>
				<key>wednesday</key>
				<dict>
					<key>spans</key>
					<array>
						<dict>
							<key>endTime</key>
							<real>43200</real>
							<key>startTime</key>
							<real>34200</real>
						</dict>
						<dict>
							<key>endTime</key>
							<real>66600</real>
							<key>startTime</key>
							<real>46800</real>
						</dict>
					</array>
				</dict>
			</dict>
		</dict>
	</array>
	<key>schedule</key>
	<dict>
		<key>exceptions</key>
		<array>
			<dict>
				<key>date</key>
				<string>20090523</string>
				<key>spans</key>
				<array>
					<dict>
						<key>endTime</key>
						<real>64800</real>
						<key>startTime</key>
						<real>43200</real>
					</dict>
				</array>
			</dict>
			<dict>
				<key>date</key>
				<string>20090524</string>
				<key>spans</key>
				<array>
					<dict>
						<key>endTime</key>
						<real>64800</real>
						<key>startTime</key>
						<real>43200</real>
					</dict>
				</array>
			</dict>
			<dict>
				<key>date</key>
				<string>20090525</string>
				<key>spans</key>
				<array>
					<dict>
						<key>endTime</key>
						<real>43200</real>
						<key>startTime</key>
						<real>34200</real>
					</dict>
					<dict>
						<key>endTime</key>
						<real>72000</real>
						<key>startTime</key>
						<real>46800</real>
					</dict>
				</array>
			</dict>
			<dict>
				<key>date</key>
				<string>20090526</string>
				<key>spans</key>
				<array>
					<dict>
						<key>endTime</key>
						<real>43200</real>
						<key>startTime</key>
						<real>34200</real>
					</dict>
					<dict>
						<key>endTime</key>
						<real>72000</real>
						<key>startTime</key>
						<real>46800</real>
					</dict>
				</array>
			</dict>
			<dict>
				<key>date</key>
				<string>20090527</string>
				<key>spans</key>
				<array>
					<dict>
						<key>endTime</key>
						<real>43200</real>
						<key>startTime</key>
						<real>34200</real>
					</dict>
					<dict>
						<key>endTime</key>
						<real>72000</real>
						<key>startTime</key>
						<real>46800</real>
					</dict>
				</array>
			</dict>
			<dict>
				<key>date</key>
				<string>20090528</string>
				<key>spans</key>
				<array>
					<dict>
						<key>endTime</key>
						<real>43200</real>
						<key>startTime</key>
						<real>34200</real>
					</dict>
					<dict>
						<key>endTime</key>
						<real>72000</real>
						<key>startTime</key>
						<real>46800</real>
					</dict>
				</array>
			</dict>
			<dict>
				<key>date</key>
				<string>20090529</string>
				<key>spans</key>
				<array>
					<dict>
						<key>endTime</key>
						<real>43200</real>
						<key>startTime</key>
						<real>34200</real>
					</dict>
					<dict>
						<key>endTime</key>
						<real>72000</real>
						<key>startTime</key>
						<real>46800</real>
					</dict>
				</array>
			</dict>
			<dict>
				<key>date</key>
				<string>20090530</string>
				<key>spans</key>
				<array>
					<dict>
						<key>endTime</key>
						<real>64800</real>
						<key>startTime</key>
						<real>43200</real>
					</dict>
				</array>
			</dict>
			<dict>
				<key>date</key>
				<string>20090531</string>
				<key>spans</key>
				<array>
					<dict>
						<key>endTime</key>
						<real>64800</real>
						<key>startTime</key>
						<real>43200</real>
					</dict>
				</array>
			</dict>
			<dict>
				<key>date</key>
				<string>20090608</string>
				<key>spans</key>
				<array>
					<dict>
						<key>endTime</key>
						<real>43200</real>
						<key>startTime</key>
						<real>34200</real>
					</dict>
					<dict>
						<key>endTime</key>
						<real>73800</real>
						<key>startTime</key>
						<real>46800</real>
					</dict>
				</array>
			</dict>
			<dict>
				<key>date</key>
				<string>20090609</string>
				<key>spans</key>
				<array>
					<dict>
						<key>endTime</key>
						<real>43200</real>
						<key>startTime</key>
						<real>34200</real>
					</dict>
					<dict>
						<key>endTime</key>
						<real>73800</real>
						<key>startTime</key>
						<real>46800</real>
					</dict>
				</array>
			</dict>
			<dict>
				<key>date</key>
				<string>20090610</string>
				<key>spans</key>
				<array>
					<dict>
						<key>endTime</key>
						<real>43200</real>
						<key>startTime</key>
						<real>34200</real>
					</dict>
					<dict>
						<key>endTime</key>
						<real>73800</real>
						<key>startTime</key>
						<real>46800</real>
					</dict>
				</array>
			</dict>
			<dict>
				<key>date</key>
				<string>20090611</string>
				<key>spans</key>
				<array>
					<dict>
						<key>endTime</key>
						<real>43200</real>
						<key>startTime</key>
						<real>34200</real>
					</dict>
					<dict>
						<key>endTime</key>
						<real>73800</real>
						<key>startTime</key>
						<real>46800</real>
					</dict>
				</array>
			</dict>
			<dict>
				<key>date</key>
				<string>20090612</string>
				<key>spans</key>
				<array>
					<dict>
						<key>endTime</key>
						<real>43200</real>
						<key>startTime</key>
						<real>34200</real>
					</dict>
					<dict>
						<key>endTime</key>
						<real>73800</real>
						<key>startTime</key>
						<real>46800</real>
					</dict>
				</array>
			</dict>
			<dict>
				<key>date</key>
				<string>20090615</string>
				<key>spans</key>
				<array>
					<dict>
						<key>endTime</key>
						<real>43200</real>
						<key>startTime</key>
						<real>34200</real>
					</dict>
					<dict>
						<key>endTime</key>
						<real>73800</real>
						<key>startTime</key>
						<real>46800</real>
					</dict>
				</array>
			</dict>
			<dict>
				<key>date</key>
				<string>20090616</string>
				<key>spans</key>
				<array>
					<dict>
						<key>endTime</key>
						<real>43200</real>
						<key>startTime</key>
						<real>34200</real>
					</dict>
					<dict>
						<key>endTime</key>
						<real>73800</real>
						<key>startTime</key>
						<real>46800</real>
					</dict>
				</array>
			</dict>
			<dict>
				<key>date</key>
				<string>20090617</string>
				<key>spans</key>
				<array>
					<dict>
						<key>endTime</key>
						<real>43200</real>
						<key>startTime</key>
						<real>34200</real>
					</dict>
					<dict>
						<key>endTime</key>
						<real>73800</real>
						<key>startTime</key>
						<real>46800</real>
					</dict>
				</array>
			</dict>
			<dict>
				<key>date</key>
				<string>20090618</string>
				<key>spans</key>
				<array>
					<dict>
						<key>endTime</key>
						<real>43200</real>
						<key>startTime</key>
						<real>34200</real>
					</dict>
					<dict>
						<key>endTime</key>
						<real>73800</real>
						<key>startTime</key>
						<real>46800</real>
					</dict>
				</array>
			</dict>
			<dict>
				<key>date</key>
				<string>20090619</string>
				<key>spans</key>
				<array>
					<dict>
						<key>endTime</key>
						<real>43200</real>
						<key>startTime</key>
						<real>34200</real>
					</dict>
					<dict>
						<key>endTime</key>
						<real>73800</real>
						<key>startTime</key>
						<real>46800</real>
					</dict>
				</array>
			</dict>
			<dict>
				<key>date</key>
				<string>20090620</string>
				<key>spans</key>
				<array>
					<dict>
						<key>endTime</key>
						<real>64800</real>
						<key>startTime</key>
						<real>43200</real>
					</dict>
				</array>
			</dict>
			<dict>
				<key>date</key>
				<string>20090621</string>
				<key>spans</key>
				<array>
					<dict>
						<key>endTime</key>
						<real>64800</real>
						<key>startTime</key>
						<real>43200</real>
					</dict>
				</array>
			</dict>
			<dict>
				<key>date</key>
				<string>20090622</string>
				<key>spans</key>
				<array>
					<dict>
						<key>endTime</key>
						<real>43200</real>
						<key>startTime</key>
						<real>34200</real>
					</dict>
					<dict>
						<key>endTime</key>
						<real>79200</real>
						<key>startTime</key>
						<real>46800</real>
					</dict>
				</array>
			</dict>
			<dict>
				<key>date</key>
				<string>20090623</string>
				<key>spans</key>
				<array>
					<dict>
						<key>endTime</key>
						<real>43200</real>
						<key>startTime</key>
						<real>34200</real>
					</dict>
					<dict>
						<key>endTime</key>
						<real>79200</real>
						<key>startTime</key>
						<real>46800</real>
					</dict>
				</array>
			</dict>
			<dict>
				<key>date</key>
				<string>20090624</string>
				<key>spans</key>
				<array>
					<dict>
						<key>endTime</key>
						<real>43200</real>
						<key>startTime</key>
						<real>34200</real>
					</dict>
					<dict>
						<key>endTime</key>
						<real>79200</real>
						<key>startTime</key>
						<real>46800</real>
					</dict>
				</array>
			</dict>
			<dict>
				<key>date</key>
				<string>20090625</string>
				<key>spans</key>
				<array>
					<dict>
						<key>endTime</key>
						<real>43200</real>
						<key>startTime</key>
						<real>34200</real>
					</dict>
					<dict>
						<key>endTime</key>
						<real>79200</real>
						<key>startTime</key>
						<real>46800</real>
					</dict>
				</array>
			</dict>
			<dict>
				<key>date</key>
				<string>20090626</string>
				<key>spans</key>
				<array>
					<dict>
						<key>endTime</key>
						<real>43200</real>
						<key>startTime</key>
						<real>34200</real>
					</dict>
					<dict>
						<key>endTime</key>
						<real>79200</real>
						<key>startTime</key>
						<real>46800</real>
					</dict>
				</array>
			</dict>
			<dict>
				<key>date</key>
				<string>20090627</string>
				<key>spans</key>
				<array>
					<dict>
						<key>endTime</key>
						<real>72000</real>
						<key>startTime</key>
						<real>39600</real>
					</dict>
				</array>
			</dict>
			<dict>
				<key>date</key>
				<string>20090628</string>
				<key>spans</key>
				<array>
					<dict>
						<key>endTime</key>
						<real>68400</real>
						<key>startTime</key>
						<real>39600</real>
					</dict>
				</array>
			</dict>
			<dict>
				<key>date</key>
				<string>20090629</string>
				<key>spans</key>
				<array>
					<dict>
						<key>endTime</key>
						<real>43200</real>
						<key>startTime</key>
						<real>34200</real>
					</dict>
					<dict>
						<key>endTime</key>
						<real>79200</real>
						<key>startTime</key>
						<real>46800</real>
					</dict>
				</array>
			</dict>
			<dict>
				<key>date</key>
				<string>20090630</string>
				<key>spans</key>
				<array>
					<dict>
						<key>endTime</key>
						<real>43200</real>
						<key>startTime</key>
						<real>34200</real>
					</dict>
					<dict>
						<key>endTime</key>
						<real>79200</real>
						<key>startTime</key>
						<real>46800</real>
					</dict>
				</array>
			</dict>
			<dict>
				<key>date</key>
				<string>20090701</string>
				<key>spans</key>
				<array>
					<dict>
						<key>endTime</key>
						<real>43200</real>
						<key>startTime</key>
						<real>34200</real>
					</dict>
					<dict>
						<key>endTime</key>
						<real>79200</real>
						<key>startTime</key>
						<real>46800</real>
					</dict>
				</array>
			</dict>
			<dict>
				<key>date</key>
				<string>20090702</string>
				<key>spans</key>
				<array>
					<dict>
						<key>endTime</key>
						<real>43200</real>
						<key>startTime</key>
						<real>34200</real>
					</dict>
					<dict>
						<key>endTime</key>
						<real>79200</real>
						<key>startTime</key>
						<real>46800</real>
					</dict>
				</array>
			</dict>
			<dict>
				<key>date</key>
				<string>20090703</string>
				<key>spans</key>
				<array>
					<dict>
						<key>endTime</key>
						<real>43200</real>
						<key>startTime</key>
						<real>34200</real>
					</dict>
					<dict>
						<key>endTime</key>
						<real>79200</real>
						<key>startTime</key>
						<real>46800</real>
					</dict>
				</array>
			</dict>
		</array>
		<key>friday</key>
		<dict>
			<key>spans</key>
			<array>
				<dict>
					<key>endTime</key>
					<real>43200</real>
					<key>startTime</key>
					<real>34200</real>
				</dict>
				<dict>
					<key>endTime</key>
					<real>66600</real>
					<key>startTime</key>
					<real>46800</real>
				</dict>
			</array>
		</dict>
		<key>monday</key>
		<dict>
			<key>spans</key>
			<array>
				<dict>
					<key>endTime</key>
					<real>43200</real>
					<key>startTime</key>
					<real>34200</real>
				</dict>
				<dict>
					<key>endTime</key>
					<real>66600</real>
					<key>startTime</key>
					<real>46800</real>
				</dict>
			</array>
		</dict>
		<key>saturday</key>
		<dict/>
		<key>sunday</key>
		<dict/>
		<key>thursday</key>
		<dict>
			<key>spans</key>
			<array>
				<dict>
					<key>endTime</key>
					<real>43200</real>
					<key>startTime</key>
					<real>34200</real>
				</dict>
				<dict>
					<key>endTime</key>
					<real>66600</real>
					<key>startTime</key>
					<real>46800</real>
				</dict>
			</array>
		</dict>
		<key>tuesday</key>
		<dict>
			<key>spans</key>
			<array>
				<dict>
					<key>endTime</key>
					<real>43200</real>
					<key>startTime</key>
					<real>34200</real>
				</dict>
				<dict>
					<key>endTime</key>
					<real>66600</real>
					<key>startTime</key>
					<real>46800</real>
				</dict>
			</array>
		</dict>
		<key>wednesday</key>
		<dict>
			<key>spans</key>
			<array>
				<dict>
					<key>endTime</key>
					<real>43200</real>
					<key>startTime</key>
					<real>34200</real>
				</dict>
				<dict>
					<key>endTime</key>
					<real>66600</real>
					<key>startTime</key>
					<real>46800</real>
				</dict>
			</array>
		</dict>
	</dict>
	<key>scheduleGranularity</key>
	<integer>0</integer>
	<key>sharedFormatter</key>
	<dict>
		<key>displayDays</key>
		<false/>
		<key>displayHours</key>
		<true/>
		<key>displayMinutes</key>
		<false/>
		<key>displayMonths</key>
		<false/>
		<key>displaySeconds</key>
		<false/>
		<key>displayWeeks</key>
		<false/>
		<key>displayYears</key>
		<false/>
		<key>hoursPerDay</key>
		<real>8</real>
		<key>hoursPerMonth</key>
		<real>160</real>
		<key>hoursPerWeek</key>
		<real>40</real>
		<key>hoursPerYear</key>
		<real>1920</real>
	</dict>
	<key>startDate</key>
	<string>20100106 08:00</string>
	<key>taskBarLabels</key>
	<dict>
		<key>Gantt View</key>
		<dict>
			<key>taskTypeGroup</key>
			<dict>
				<key>OPGanttLeftTextKey</key>
				<string></string>
				<key>OPGanttOverTextKey</key>
				<string></string>
				<key>OPGanttRightTextKey</key>
				<string>Assigned</string>
			</dict>
			<key>taskTypeMilestone</key>
			<dict>
				<key>OPGanttLeftTextKey</key>
				<string></string>
				<key>OPGanttOverTextKey</key>
				<string></string>
				<key>OPGanttRightTextKey</key>
				<string>Assigned</string>
			</dict>
			<key>taskTypeTask</key>
			<dict>
				<key>OPGanttLeftTextKey</key>
				<string></string>
				<key>OPGanttOverTextKey</key>
				<string></string>
				<key>OPGanttRightTextKey</key>
				<string>Assigned</string>
			</dict>
		</dict>
		<key>Timeline View</key>
		<dict>
			<key>taskTypeGroup</key>
			<dict>
				<key>OPGanttLeftTextKey</key>
				<string>Title</string>
				<key>OPGanttOverTextKey</key>
				<string></string>
				<key>OPGanttRightTextKey</key>
				<string></string>
			</dict>
			<key>taskTypeMilestone</key>
			<dict>
				<key>OPGanttLeftTextKey</key>
				<string>Title</string>
				<key>OPGanttOverTextKey</key>
				<string></string>
				<key>OPGanttRightTextKey</key>
				<string>Assigned</string>
			</dict>
			<key>taskTypeTask</key>
			<dict>
				<key>OPGanttLeftTextKey</key>
				<string>Title</string>
				<key>OPGanttOverTextKey</key>
				<string></string>
				<key>OPGanttRightTextKey</key>
				<string></string>
			</dict>
		</dict>
	</dict>
	<key>taskDifferenceEngine</key>
	<dict>
		<key>nextId</key>
		<integer>1341</integer>
	</dict>
	<key>taskUserKeys</key>
	<array/>
	<key>tasks</key>
	<array>
		<dict>
			<key>children</key>
			<array>
				<integer>22</integer>
			</array>
			<key>objectId</key>
			<integer>-1</integer>
		</dict>
		<dict>
			<key>children</key>
			<array>
				<integer>87</integer>
				<integer>452</integer>
				<integer>52</integer>
			</array>
			<key>objectId</key>
			<integer>2</integer>
			<key>prerequisites</key>
			<array>
				<dict>
					<key>id</key>
					<integer>1307</integer>
					<key>kind</key>
					<integer>2</integer>
				</dict>
			</array>
			<key>startConstraintDate</key>
			<string>20090624000025</string>
			<key>task</key>
			<string>Final Delivery</string>
		</dict>
		<dict>
			<key>children</key>
			<array>
				<integer>102</integer>
				<integer>1283</integer>
				<integer>1108</integer>
				<integer>33</integer>
				<integer>25</integer>
			</array>
			<key>objectId</key>
			<integer>22</integer>
			<key>task</key>
			<string>ACME Corporation Website</string>
		</dict>
		<dict>
			<key>children</key>
			<array>
				<integer>1323</integer>
				<integer>1228</integer>
				<integer>1278</integer>
				<integer>1324</integer>
				<integer>1237</integer>
			</array>
			<key>objectId</key>
			<integer>25</integer>
			<key>prerequisites</key>
			<array>
				<dict>
					<key>id</key>
					<integer>33</integer>
					<key>kind</key>
					<integer>2</integer>
				</dict>
			</array>
			<key>task</key>
			<string>Engineering</string>
		</dict>
		<dict>
			<key>children</key>
			<array>
				<integer>74</integer>
				<integer>73</integer>
				<integer>94</integer>
				<integer>1125</integer>
				<integer>1123</integer>
				<integer>1124</integer>
				<integer>93</integer>
				<integer>1138</integer>
			</array>
			<key>objectId</key>
			<integer>26</integer>
			<key>task</key>
			<string>Product Requirements Definition</string>
		</dict>
		<dict>
			<key>children</key>
			<array>
				<integer>207</integer>
				<integer>76</integer>
				<integer>77</integer>
				<integer>78</integer>
				<integer>1134</integer>
				<integer>1135</integer>
				<integer>1137</integer>
				<integer>1142</integer>
			</array>
			<key>objectId</key>
			<integer>28</integer>
			<key>task</key>
			<string>Information Design</string>
		</dict>
		<dict>
			<key>children</key>
			<array>
				<integer>210</integer>
				<integer>79</integer>
				<integer>80</integer>
				<integer>98</integer>
				<integer>1143</integer>
				<integer>1144</integer>
				<integer>1145</integer>
				<integer>1147</integer>
			</array>
			<key>objectId</key>
			<integer>30</integer>
			<key>prerequisites</key>
			<array>
				<dict>
					<key>id</key>
					<integer>28</integer>
					<key>kind</key>
					<integer>2</integer>
				</dict>
			</array>
			<key>task</key>
			<string>Interaction Design</string>
		</dict>
		<dict>
			<key>children</key>
			<array>
				<integer>1168</integer>
				<integer>1205</integer>
				<integer>1166</integer>
				<integer>1167</integer>
				<integer>1169</integer>
				<integer>1170</integer>
				<integer>1171</integer>
			</array>
			<key>objectId</key>
			<integer>33</integer>
			<key>prerequisites</key>
			<array>
				<dict>
					<key>id</key>
					<integer>30</integer>
					<key>kind</key>
					<integer>2</integer>
				</dict>
			</array>
			<key>task</key>
			<string>Software Design</string>
		</dict>
		<dict>
			<key>assignments</key>
			<array>
				<dict>
					<key>id</key>
					<integer>14</integer>
					<key>units</key>
					<real>1</real>
				</dict>
			</array>
			<key>effort</key>
			<real>0.0</real>
			<key>noteExpanded</key>
			<true/>
			<key>notes</key>
			<string>{\rtf1\ansi\ansicpg1252\cocoartf949\cocoasubrtf460
{\fonttbl\f0\fswiss\fcharset0 Helvetica;}
{\colortbl;\red255\green255\blue255;\red85\green85\blue85;}
\pard\tx560\tx1120\tx1680\tx2240\tx2800\tx3360\tx3920\tx4480\tx5040\tx5600\tx6160\tx6720\ql\qnatural\pardirnatural

\f0\i\fs20 \cf2 Warranty Begins}</string>
			<key>objectId</key>
			<integer>52</integer>
			<key>startConstraintDate</key>
			<string>20090701000023</string>
			<key>task</key>
			<string>Project Completion</string>
		</dict>
		<dict>
			<key>assignments</key>
			<array>
				<dict>
					<key>id</key>
					<integer>12</integer>
					<key>units</key>
					<real>1</real>
				</dict>
			</array>
			<key>effort</key>
			<real>0.0</real>
			<key>objectId</key>
			<integer>71</integer>
			<key>prerequisites</key>
			<array>
				<dict>
					<key>id</key>
					<integer>1195</integer>
					<key>kind</key>
					<integer>2</integer>
					<key>leadPercentage</key>
					<string>NO</string>
					<key>leadTime</key>
					<real>24</real>
					<key>leadTimeSeconds</key>
					<real>86400</real>
				</dict>
			</array>
			<key>task</key>
			<string>Final Design Deliverables Sign-Off from Client</string>
		</dict>
		<dict>
			<key>assignments</key>
			<array>
				<dict>
					<key>id</key>
					<integer>47</integer>
					<key>units</key>
					<real>1</real>
				</dict>
				<dict>
					<key>id</key>
					<integer>63</integer>
					<key>units</key>
					<real>1</real>
				</dict>
			</array>
			<key>effort</key>
			<real>57600</real>
			<key>objectId</key>
			<integer>73</integer>
			<key>prerequisites</key>
			<array>
				<dict>
					<key>id</key>
					<integer>74</integer>
					<key>kind</key>
					<integer>2</integer>
				</dict>
			</array>
			<key>task</key>
			<string>PRD Generation</string>
			<key>workSeconds</key>
			<real>28800</real>
			<key>workTime</key>
			<real>8</real>
		</dict>
		<dict>
			<key>assignments</key>
			<array>
				<dict>
					<key>id</key>
					<integer>12</integer>
					<key>units</key>
					<real>1</real>
				</dict>
			</array>
			<key>effort</key>
			<real>0.0</real>
			<key>objectId</key>
			<integer>74</integer>
			<key>startConstraintDate</key>
			<string>20090508000045</string>
			<key>task</key>
			<string>Client Input/Guidelines On PRD Due</string>
		</dict>
		<dict>
			<key>assignments</key>
			<array>
				<dict>
					<key>id</key>
					<integer>47</integer>
					<key>units</key>
					<real>1</real>
				</dict>
				<dict>
					<key>id</key>
					<integer>63</integer>
					<key>units</key>
					<real>0.25</real>
				</dict>
			</array>
			<key>effort</key>
			<real>86400</real>
			<key>objectId</key>
			<integer>76</integer>
			<key>prerequisites</key>
			<array>
				<dict>
					<key>id</key>
					<integer>207</integer>
					<key>kind</key>
					<integer>2</integer>
				</dict>
			</array>
			<key>task</key>
			<string>Information Design Document Creation</string>
			<key>workSeconds</key>
			<real>69120</real>
			<key>workTime</key>
			<real>19.200000762939453</real>
		</dict>
		<dict>
			<key>assignments</key>
			<array>
				<dict>
					<key>id</key>
					<integer>14</integer>
					<key>units</key>
					<real>1</real>
				</dict>
			</array>
			<key>effort</key>
			<real>0.0</real>
			<key>objectId</key>
			<integer>77</integer>
			<key>prerequisites</key>
			<array>
				<dict>
					<key>id</key>
					<integer>76</integer>
					<key>kind</key>
					<integer>2</integer>
				</dict>
			</array>
			<key>task</key>
			<string>Information Design Document Submitted to Client</string>
		</dict>
		<dict>
			<key>assignments</key>
			<array>
				<dict>
					<key>id</key>
					<integer>12</integer>
					<key>units</key>
					<real>1</real>
				</dict>
			</array>
			<key>effort</key>
			<real>0.0</real>
			<key>objectId</key>
			<integer>78</integer>
			<key>prerequisites</key>
			<array>
				<dict>
					<key>id</key>
					<integer>77</integer>
					<key>kind</key>
					<integer>2</integer>
					<key>leadPercentage</key>
					<string>NO</string>
					<key>leadTime</key>
					<real>32</real>
					<key>leadTimeSeconds</key>
					<real>115200</real>
				</dict>
			</array>
			<key>task</key>
			<string>Information Design Document Feedback from Client</string>
		</dict>
		<dict>
			<key>assignments</key>
			<array>
				<dict>
					<key>id</key>
					<integer>65</integer>
					<key>units</key>
					<real>1</real>
				</dict>
				<dict>
					<key>id</key>
					<integer>47</integer>
					<key>units</key>
					<real>0.40000000596046448</real>
				</dict>
			</array>
			<key>effort</key>
			<real>216000</real>
			<key>objectId</key>
			<integer>79</integer>
			<key>prerequisites</key>
			<array>
				<dict>
					<key>id</key>
					<integer>210</integer>
					<key>kind</key>
					<integer>2</integer>
				</dict>
			</array>
			<key>task</key>
			<string>Interaction Design Document Creation</string>
			<key>workSeconds</key>
			<real>154285.71875</real>
			<key>workTime</key>
			<real>42.857143402099609</real>
		</dict>
		<dict>
			<key>assignments</key>
			<array>
				<dict>
					<key>id</key>
					<integer>14</integer>
					<key>units</key>
					<real>1</real>
				</dict>
			</array>
			<key>effort</key>
			<real>0.0</real>
			<key>objectId</key>
			<integer>80</integer>
			<key>prerequisites</key>
			<array>
				<dict>
					<key>id</key>
					<integer>79</integer>
					<key>kind</key>
					<integer>2</integer>
				</dict>
			</array>
			<key>task</key>
			<string>Interaction Design Document Submitted to Client</string>
		</dict>
		<dict>
			<key>assignments</key>
			<array>
				<dict>
					<key>id</key>
					<integer>12</integer>
					<key>units</key>
					<real>1</real>
				</dict>
			</array>
			<key>effort</key>
			<real>0.0</real>
			<key>objectId</key>
			<integer>87</integer>
			<key>task</key>
			<string>Client Approval of Delivery</string>
		</dict>
		<dict>
			<key>assignments</key>
			<array>
				<dict>
					<key>id</key>
					<integer>12</integer>
					<key>units</key>
					<real>1</real>
				</dict>
			</array>
			<key>effort</key>
			<real>0.0</real>
			<key>objectId</key>
			<integer>93</integer>
			<key>prerequisites</key>
			<array>
				<dict>
					<key>id</key>
					<integer>1124</integer>
					<key>kind</key>
					<integer>2</integer>
					<key>leadPercentage</key>
					<string>NO</string>
					<key>leadTime</key>
					<real>8</real>
					<key>leadTimeSeconds</key>
					<real>28800</real>
				</dict>
			</array>
			<key>startConstraintDate</key>
			<string>20090508000045</string>
			<key>task</key>
			<string>PRD Initial Sign-Off from Client</string>
		</dict>
		<dict>
			<key>assignments</key>
			<array>
				<dict>
					<key>id</key>
					<integer>14</integer>
					<key>units</key>
					<real>1</real>
				</dict>
			</array>
			<key>effort</key>
			<real>0.0</real>
			<key>objectId</key>
			<integer>94</integer>
			<key>prerequisites</key>
			<array>
				<dict>
					<key>id</key>
					<integer>73</integer>
					<key>kind</key>
					<integer>2</integer>
				</dict>
			</array>
			<key>task</key>
			<string>PRD Submission to Client</string>
		</dict>
		<dict>
			<key>assignments</key>
			<array>
				<dict>
					<key>id</key>
					<integer>12</integer>
					<key>units</key>
					<real>1</real>
				</dict>
			</array>
			<key>effort</key>
			<real>0.0</real>
			<key>objectId</key>
			<integer>98</integer>
			<key>prerequisites</key>
			<array>
				<dict>
					<key>id</key>
					<integer>80</integer>
					<key>kind</key>
					<integer>2</integer>
					<key>leadPercentage</key>
					<string>NO</string>
					<key>leadTime</key>
					<real>40</real>
					<key>leadTimeSeconds</key>
					<real>144000</real>
				</dict>
			</array>
			<key>task</key>
			<string>Interaction Design Document Feedback from Client</string>
		</dict>
		<dict>
			<key>assignments</key>
			<array>
				<dict>
					<key>id</key>
					<integer>2</integer>
					<key>units</key>
					<real>0.34999999403953552</real>
				</dict>
			</array>
			<key>effort</key>
			<real>720000</real>
			<key>objectId</key>
			<integer>102</integer>
			<key>task</key>
			<string>Project Manager Allocation</string>
			<key>workSeconds</key>
			<real>2057142.875</real>
			<key>workTime</key>
			<real>571.4285888671875</real>
		</dict>
		<dict>
			<key>assignments</key>
			<array>
				<dict>
					<key>id</key>
					<integer>12</integer>
					<key>units</key>
					<real>1</real>
				</dict>
			</array>
			<key>effort</key>
			<real>0.0</real>
			<key>objectId</key>
			<integer>207</integer>
			<key>startConstraintDate</key>
			<string>20090508000045</string>
			<key>task</key>
			<string>Client Input/Guidelines On Information Design Due</string>
		</dict>
		<dict>
			<key>assignments</key>
			<array>
				<dict>
					<key>id</key>
					<integer>12</integer>
					<key>units</key>
					<real>1</real>
				</dict>
			</array>
			<key>effort</key>
			<real>0.0</real>
			<key>objectId</key>
			<integer>210</integer>
			<key>startConstraintDate</key>
			<string>20090508000045</string>
			<key>task</key>
			<string>Client Input/Guidelines On Interaction Design Due</string>
		</dict>
		<dict>
			<key>assignments</key>
			<array>
				<dict>
					<key>id</key>
					<integer>4</integer>
					<key>units</key>
					<real>1</real>
				</dict>
				<dict>
					<key>id</key>
					<integer>46</integer>
					<key>units</key>
					<real>1</real>
				</dict>
			</array>
			<key>effort</key>
			<real>57600</real>
			<key>objectId</key>
			<integer>452</integer>
			<key>task</key>
			<string>Push</string>
			<key>workSeconds</key>
			<real>28800</real>
			<key>workTime</key>
			<real>8</real>
		</dict>
		<dict>
			<key>children</key>
			<array>
				<integer>28</integer>
				<integer>30</integer>
				<integer>1177</integer>
				<integer>1195</integer>
				<integer>71</integer>
			</array>
			<key>objectId</key>
			<integer>1108</integer>
			<key>prerequisites</key>
			<array>
				<dict>
					<key>id</key>
					<integer>26</integer>
					<key>kind</key>
					<integer>2</integer>
				</dict>
			</array>
			<key>task</key>
			<string>Design</string>
		</dict>
		<dict>
			<key>assignments</key>
			<array>
				<dict>
					<key>id</key>
					<integer>47</integer>
					<key>units</key>
					<real>1</real>
				</dict>
				<dict>
					<key>id</key>
					<integer>63</integer>
					<key>units</key>
					<real>1</real>
				</dict>
			</array>
			<key>desiredStart</key>
			<string>20100107093000</string>
			<key>effort</key>
			<real>28800</real>
			<key>objectId</key>
			<integer>1123</integer>
			<key>prerequisites</key>
			<array>
				<dict>
					<key>id</key>
					<integer>73</integer>
					<key>isResource</key>
					<string>YES</string>
					<key>kind</key>
					<integer>2</integer>
				</dict>
			</array>
			<key>task</key>
			<string>PRD Rework</string>
			<key>workSeconds</key>
			<real>14400</real>
			<key>workTime</key>
			<real>4</real>
		</dict>
		<dict>
			<key>assignments</key>
			<array>
				<dict>
					<key>id</key>
					<integer>14</integer>
					<key>units</key>
					<real>1</real>
				</dict>
			</array>
			<key>effort</key>
			<real>0.0</real>
			<key>objectId</key>
			<integer>1124</integer>
			<key>prerequisites</key>
			<array>
				<dict>
					<key>id</key>
					<integer>1123</integer>
					<key>kind</key>
					<integer>2</integer>
				</dict>
			</array>
			<key>task</key>
			<string>PRD Resubmission to Client</string>
		</dict>
		<dict>
			<key>assignments</key>
			<array>
				<dict>
					<key>id</key>
					<integer>12</integer>
					<key>units</key>
					<real>1</real>
				</dict>
			</array>
			<key>effort</key>
			<real>0.0</real>
			<key>objectId</key>
			<integer>1125</integer>
			<key>prerequisites</key>
			<array>
				<dict>
					<key>id</key>
					<integer>94</integer>
					<key>kind</key>
					<integer>2</integer>
					<key>leadPercentage</key>
					<string>NO</string>
					<key>leadTime</key>
					<real>16</real>
					<key>leadTimeSeconds</key>
					<real>57600</real>
				</dict>
			</array>
			<key>task</key>
			<string>PRD Feedback from Client</string>
		</dict>
		<dict>
			<key>assignments</key>
			<array>
				<dict>
					<key>id</key>
					<integer>47</integer>
					<key>units</key>
					<real>1</real>
				</dict>
				<dict>
					<key>id</key>
					<integer>63</integer>
					<key>units</key>
					<real>0.25</real>
				</dict>
			</array>
			<key>effort</key>
			<real>43200</real>
			<key>objectId</key>
			<integer>1134</integer>
			<key>prerequisites</key>
			<array>
				<dict>
					<key>id</key>
					<integer>78</integer>
					<key>kind</key>
					<integer>2</integer>
				</dict>
			</array>
			<key>task</key>
			<string>Information Design Rework</string>
			<key>workSeconds</key>
			<real>34560</real>
			<key>workTime</key>
			<real>9.6000003814697266</real>
		</dict>
		<dict>
			<key>assignments</key>
			<array>
				<dict>
					<key>id</key>
					<integer>14</integer>
					<key>units</key>
					<real>1</real>
				</dict>
			</array>
			<key>effort</key>
			<real>0.0</real>
			<key>objectId</key>
			<integer>1135</integer>
			<key>prerequisites</key>
			<array>
				<dict>
					<key>id</key>
					<integer>1134</integer>
					<key>kind</key>
					<integer>2</integer>
				</dict>
			</array>
			<key>task</key>
			<string>Information Design Resubmission to Client</string>
		</dict>
		<dict>
			<key>assignments</key>
			<array>
				<dict>
					<key>id</key>
					<integer>12</integer>
					<key>units</key>
					<real>1</real>
				</dict>
			</array>
			<key>effort</key>
			<real>0.0</real>
			<key>objectId</key>
			<integer>1137</integer>
			<key>prerequisites</key>
			<array>
				<dict>
					<key>id</key>
					<integer>1135</integer>
					<key>kind</key>
					<integer>2</integer>
					<key>leadPercentage</key>
					<string>NO</string>
					<key>leadTime</key>
					<real>16</real>
					<key>leadTimeSeconds</key>
					<real>57600</real>
				</dict>
			</array>
			<key>task</key>
			<string>Information Design Draft Approval from Client</string>
		</dict>
		<dict>
			<key>assignments</key>
			<array>
				<dict>
					<key>id</key>
					<integer>47</integer>
					<key>units</key>
					<real>1</real>
				</dict>
			</array>
			<key>effort</key>
			<real>3600</real>
			<key>objectId</key>
			<integer>1138</integer>
			<key>prerequisites</key>
			<array>
				<dict>
					<key>id</key>
					<integer>93</integer>
					<key>kind</key>
					<integer>2</integer>
				</dict>
			</array>
			<key>task</key>
			<string>Project Guide Documentation Update</string>
			<key>workSeconds</key>
			<real>3600</real>
			<key>workTime</key>
			<real>1</real>
		</dict>
		<dict>
			<key>assignments</key>
			<array>
				<dict>
					<key>id</key>
					<integer>47</integer>
					<key>units</key>
					<real>1</real>
				</dict>
			</array>
			<key>effort</key>
			<real>7200</real>
			<key>noteExpanded</key>
			<true/>
			<key>notes</key>
			<string>{\rtf1\ansi\ansicpg1252\cocoartf949\cocoasubrtf460
{\fonttbl\f0\fswiss\fcharset0 Helvetica;}
{\colortbl;\red255\green255\blue255;\red85\green85\blue85;}
\pard\tx560\tx1120\tx1680\tx2240\tx2800\tx3360\tx3920\tx4480\tx5040\tx5600\tx6160\tx6720\ql\qnatural\pardirnatural

\f0\i\fs20 \cf2 Includes updates to previous phase deliverables based on changes from this phase}</string>
			<key>objectId</key>
			<integer>1142</integer>
			<key>prerequisites</key>
			<array>
				<dict>
					<key>id</key>
					<integer>1137</integer>
					<key>kind</key>
					<integer>2</integer>
				</dict>
			</array>
			<key>task</key>
			<string>Project Guide Documentation Update</string>
			<key>workSeconds</key>
			<real>7200</real>
			<key>workTime</key>
			<real>2</real>
		</dict>
		<dict>
			<key>assignments</key>
			<array>
				<dict>
					<key>id</key>
					<integer>65</integer>
					<key>units</key>
					<real>1</real>
				</dict>
			</array>
			<key>effort</key>
			<real>86400</real>
			<key>objectId</key>
			<integer>1143</integer>
			<key>prerequisites</key>
			<array>
				<dict>
					<key>id</key>
					<integer>98</integer>
					<key>kind</key>
					<integer>2</integer>
				</dict>
			</array>
			<key>task</key>
			<string>Information Design Document Re-work</string>
			<key>workSeconds</key>
			<real>86400</real>
			<key>workTime</key>
			<real>24</real>
		</dict>
		<dict>
			<key>assignments</key>
			<array>
				<dict>
					<key>id</key>
					<integer>14</integer>
					<key>units</key>
					<real>1</real>
				</dict>
			</array>
			<key>effort</key>
			<real>0.0</real>
			<key>objectId</key>
			<integer>1144</integer>
			<key>prerequisites</key>
			<array>
				<dict>
					<key>id</key>
					<integer>1143</integer>
					<key>kind</key>
					<integer>2</integer>
				</dict>
			</array>
			<key>task</key>
			<string>Information Design Document Redelivery to Client</string>
		</dict>
		<dict>
			<key>assignments</key>
			<array>
				<dict>
					<key>id</key>
					<integer>12</integer>
					<key>units</key>
					<real>1</real>
				</dict>
			</array>
			<key>effort</key>
			<real>0.0</real>
			<key>objectId</key>
			<integer>1145</integer>
			<key>prerequisites</key>
			<array>
				<dict>
					<key>id</key>
					<integer>1144</integer>
					<key>kind</key>
					<integer>2</integer>
					<key>leadPercentage</key>
					<string>NO</string>
					<key>leadTime</key>
					<real>16</real>
					<key>leadTimeSeconds</key>
					<real>57600</real>
				</dict>
			</array>
			<key>task</key>
			<string>Information Design Document Draft Approval from Client</string>
		</dict>
		<dict>
			<key>assignments</key>
			<array>
				<dict>
					<key>id</key>
					<integer>47</integer>
					<key>units</key>
					<real>1</real>
				</dict>
			</array>
			<key>effort</key>
			<real>14400</real>
			<key>noteExpanded</key>
			<true/>
			<key>notes</key>
			<string>{\rtf1\ansi\ansicpg1252\cocoartf949\cocoasubrtf460
{\fonttbl\f0\fswiss\fcharset0 Helvetica;}
{\colortbl;\red255\green255\blue255;\red85\green85\blue85;}
\pard\tx560\tx1120\tx1680\tx2240\tx2800\tx3360\tx3920\tx4480\tx5040\tx5600\tx6160\tx6720\ql\qnatural\pardirnatural

\f0\i\fs20 \cf2 Includes updates to previous phase deliverables based on changes from this phase}</string>
			<key>objectId</key>
			<integer>1147</integer>
			<key>prerequisites</key>
			<array>
				<dict>
					<key>id</key>
					<integer>1145</integer>
					<key>kind</key>
					<integer>2</integer>
				</dict>
			</array>
			<key>task</key>
			<string>Project Guide Documentation Update</string>
			<key>workSeconds</key>
			<real>14400</real>
			<key>workTime</key>
			<real>4</real>
		</dict>
		<dict>
			<key>assignments</key>
			<array>
				<dict>
					<key>id</key>
					<integer>14</integer>
					<key>units</key>
					<real>1</real>
				</dict>
			</array>
			<key>effort</key>
			<real>0.0</real>
			<key>objectId</key>
			<integer>1166</integer>
			<key>task</key>
			<string>Software Design Submitted to Client</string>
		</dict>
		<dict>
			<key>assignments</key>
			<array>
				<dict>
					<key>id</key>
					<integer>12</integer>
					<key>units</key>
					<real>1</real>
				</dict>
			</array>
			<key>effort</key>
			<real>0.0</real>
			<key>objectId</key>
			<integer>1167</integer>
			<key>prerequisites</key>
			<array>
				<dict>
					<key>id</key>
					<integer>1166</integer>
					<key>kind</key>
					<integer>2</integer>
					<key>leadPercentage</key>
					<string>NO</string>
					<key>leadTime</key>
					<real>32</real>
					<key>leadTimeSeconds</key>
					<real>115200</real>
				</dict>
			</array>
			<key>task</key>
			<string>Software Design Feedback from Client</string>
		</dict>
		<dict>
			<key>assignments</key>
			<array>
				<dict>
					<key>id</key>
					<integer>12</integer>
					<key>units</key>
					<real>1</real>
				</dict>
			</array>
			<key>effort</key>
			<real>0.0</real>
			<key>objectId</key>
			<integer>1168</integer>
			<key>startConstraintDate</key>
			<string>20090508000045</string>
			<key>task</key>
			<string>Client Input/Guidelines On Software Design Due</string>
		</dict>
		<dict>
			<key>children</key>
			<array>
				<integer>1209</integer>
			</array>
			<key>objectId</key>
			<integer>1169</integer>
			<key>prerequisites</key>
			<array>
				<dict>
					<key>id</key>
					<integer>1167</integer>
					<key>kind</key>
					<integer>2</integer>
				</dict>
			</array>
			<key>task</key>
			<string>Software Design Re-work</string>
		</dict>
		<dict>
			<key>assignments</key>
			<array>
				<dict>
					<key>id</key>
					<integer>14</integer>
					<key>units</key>
					<real>1</real>
				</dict>
			</array>
			<key>effort</key>
			<real>0.0</real>
			<key>objectId</key>
			<integer>1170</integer>
			<key>prerequisites</key>
			<array>
				<dict>
					<key>id</key>
					<integer>1169</integer>
					<key>kind</key>
					<integer>2</integer>
				</dict>
			</array>
			<key>task</key>
			<string>Software Design Redelivery to Client</string>
		</dict>
		<dict>
			<key>assignments</key>
			<array>
				<dict>
					<key>id</key>
					<integer>12</integer>
					<key>units</key>
					<real>1</real>
				</dict>
			</array>
			<key>effort</key>
			<real>0.0</real>
			<key>objectId</key>
			<integer>1171</integer>
			<key>prerequisites</key>
			<array>
				<dict>
					<key>id</key>
					<integer>1170</integer>
					<key>kind</key>
					<integer>2</integer>
					<key>leadPercentage</key>
					<string>NO</string>
					<key>leadTime</key>
					<real>16</real>
					<key>leadTimeSeconds</key>
					<real>57600</real>
				</dict>
			</array>
			<key>task</key>
			<string>Software Design Draft Approval from Client</string>
		</dict>
		<dict>
			<key>children</key>
			<array>
				<integer>1181</integer>
				<integer>1337</integer>
				<integer>1338</integer>
				<integer>1339</integer>
				<integer>1178</integer>
				<integer>1179</integer>
				<integer>1180</integer>
				<integer>1182</integer>
				<integer>1183</integer>
				<integer>1184</integer>
				<integer>1185</integer>
			</array>
			<key>objectId</key>
			<integer>1177</integer>
			<key>prerequisites</key>
			<array>
				<dict>
					<key>id</key>
					<integer>30</integer>
					<key>kind</key>
					<integer>2</integer>
				</dict>
			</array>
			<key>task</key>
			<string>Visual Design</string>
		</dict>
		<dict>
			<key>assignments</key>
			<array>
				<dict>
					<key>id</key>
					<integer>63</integer>
					<key>units</key>
					<real>0.15000000596046448</real>
				</dict>
				<dict>
					<key>id</key>
					<integer>91</integer>
					<key>units</key>
					<real>1</real>
				</dict>
			</array>
			<key>effort</key>
			<real>324000</real>
			<key>objectId</key>
			<integer>1178</integer>
			<key>prerequisites</key>
			<array>
				<dict>
					<key>id</key>
					<integer>1339</integer>
					<key>kind</key>
					<integer>2</integer>
				</dict>
			</array>
			<key>task</key>
			<string>Visual Design Creation</string>
			<key>workSeconds</key>
			<real>281739.125</real>
			<key>workTime</key>
			<real>78.2608642578125</real>
		</dict>
		<dict>
			<key>assignments</key>
			<array>
				<dict>
					<key>id</key>
					<integer>14</integer>
					<key>units</key>
					<real>1</real>
				</dict>
			</array>
			<key>effort</key>
			<real>0.0</real>
			<key>objectId</key>
			<integer>1179</integer>
			<key>prerequisites</key>
			<array>
				<dict>
					<key>id</key>
					<integer>1178</integer>
					<key>kind</key>
					<integer>2</integer>
				</dict>
			</array>
			<key>task</key>
			<string>Visual Design Submitted to Client</string>
		</dict>
		<dict>
			<key>assignments</key>
			<array>
				<dict>
					<key>id</key>
					<integer>12</integer>
					<key>units</key>
					<real>1</real>
				</dict>
			</array>
			<key>effort</key>
			<real>0.0</real>
			<key>objectId</key>
			<integer>1180</integer>
			<key>prerequisites</key>
			<array>
				<dict>
					<key>id</key>
					<integer>1179</integer>
					<key>kind</key>
					<integer>2</integer>
					<key>leadPercentage</key>
					<string>NO</string>
					<key>leadTime</key>
					<real>40</real>
					<key>leadTimeSeconds</key>
					<real>144000</real>
				</dict>
			</array>
			<key>task</key>
			<string>Visual Design Feedback from Client</string>
		</dict>
		<dict>
			<key>assignments</key>
			<array>
				<dict>
					<key>id</key>
					<integer>12</integer>
					<key>units</key>
					<real>1</real>
				</dict>
			</array>
			<key>effort</key>
			<real>0.0</real>
			<key>objectId</key>
			<integer>1181</integer>
			<key>startConstraintDate</key>
			<string>20090508000045</string>
			<key>task</key>
			<string>Client Input/Guidelines On Visual Design Due</string>
		</dict>
		<dict>
			<key>assignments</key>
			<array>
				<dict>
					<key>id</key>
					<integer>63</integer>
					<key>units</key>
					<real>0.15000000596046448</real>
				</dict>
				<dict>
					<key>id</key>
					<integer>91</integer>
					<key>units</key>
					<real>1</real>
				</dict>
			</array>
			<key>effort</key>
			<real>144000</real>
			<key>objectId</key>
			<integer>1182</integer>
			<key>prerequisites</key>
			<array>
				<dict>
					<key>id</key>
					<integer>1180</integer>
					<key>kind</key>
					<integer>2</integer>
				</dict>
			</array>
			<key>task</key>
			<string>Visual Design Re-work</string>
			<key>workSeconds</key>
			<real>125217.390625</real>
			<key>workTime</key>
			<real>34.782608032226562</real>
		</dict>
		<dict>
			<key>assignments</key>
			<array>
				<dict>
					<key>id</key>
					<integer>14</integer>
					<key>units</key>
					<real>1</real>
				</dict>
			</array>
			<key>effort</key>
			<real>0.0</real>
			<key>objectId</key>
			<integer>1183</integer>
			<key>prerequisites</key>
			<array>
				<dict>
					<key>id</key>
					<integer>1182</integer>
					<key>kind</key>
					<integer>2</integer>
				</dict>
			</array>
			<key>task</key>
			<string>Visual Design Redelivery to Client</string>
		</dict>
		<dict>
			<key>assignments</key>
			<array>
				<dict>
					<key>id</key>
					<integer>12</integer>
					<key>units</key>
					<real>1</real>
				</dict>
			</array>
			<key>effort</key>
			<real>0.0</real>
			<key>objectId</key>
			<integer>1184</integer>
			<key>prerequisites</key>
			<array>
				<dict>
					<key>id</key>
					<integer>1183</integer>
					<key>kind</key>
					<integer>2</integer>
					<key>leadPercentage</key>
					<string>NO</string>
					<key>leadTime</key>
					<real>16</real>
					<key>leadTimeSeconds</key>
					<real>57600</real>
				</dict>
			</array>
			<key>task</key>
			<string>Visual Design Draft Approval from Client</string>
		</dict>
		<dict>
			<key>assignments</key>
			<array>
				<dict>
					<key>id</key>
					<integer>47</integer>
					<key>units</key>
					<real>1</real>
				</dict>
				<dict>
					<key>id</key>
					<integer>63</integer>
					<key>units</key>
					<real>0.5</real>
				</dict>
			</array>
			<key>effort</key>
			<real>14400</real>
			<key>noteExpanded</key>
			<true/>
			<key>notes</key>
			<string>{\rtf1\ansi\ansicpg1252\cocoartf949\cocoasubrtf460
{\fonttbl\f0\fswiss\fcharset0 Helvetica;}
{\colortbl;\red255\green255\blue255;\red85\green85\blue85;}
\pard\tx560\tx1120\tx1680\tx2240\tx2800\tx3360\tx3920\tx4480\tx5040\tx5600\tx6160\tx6720\ql\qnatural\pardirnatural

\f0\i\fs20 \cf2 Includes updates to previous phase deliverables based on changes from this phase}</string>
			<key>objectId</key>
			<integer>1185</integer>
			<key>prerequisites</key>
			<array>
				<dict>
					<key>id</key>
					<integer>1184</integer>
					<key>kind</key>
					<integer>2</integer>
				</dict>
			</array>
			<key>task</key>
			<string>Project Guide Documentation Update</string>
			<key>workSeconds</key>
			<real>9600</real>
			<key>workTime</key>
			<real>2.6666667461395264</real>
		</dict>
		<dict>
			<key>assignments</key>
			<array>
				<dict>
					<key>id</key>
					<integer>14</integer>
					<key>units</key>
					<real>1</real>
				</dict>
			</array>
			<key>effort</key>
			<real>0.0</real>
			<key>objectId</key>
			<integer>1195</integer>
			<key>prerequisites</key>
			<array>
				<dict>
					<key>id</key>
					<integer>28</integer>
					<key>kind</key>
					<integer>2</integer>
				</dict>
				<dict>
					<key>id</key>
					<integer>30</integer>
					<key>kind</key>
					<integer>2</integer>
				</dict>
				<dict>
					<key>id</key>
					<integer>1177</integer>
					<key>kind</key>
					<integer>2</integer>
				</dict>
			</array>
			<key>task</key>
			<string>Final Design Documentation to Client</string>
		</dict>
		<dict>
			<key>assignments</key>
			<array>
				<dict>
					<key>id</key>
					<integer>4</integer>
					<key>units</key>
					<real>1</real>
				</dict>
			</array>
			<key>effort</key>
			<real>360000</real>
			<key>objectId</key>
			<integer>1205</integer>
			<key>task</key>
			<string>Software Design</string>
			<key>workSeconds</key>
			<real>360000</real>
			<key>workTime</key>
			<real>100</real>
		</dict>
		<dict>
			<key>assignments</key>
			<array>
				<dict>
					<key>id</key>
					<integer>4</integer>
					<key>units</key>
					<real>1</real>
				</dict>
			</array>
			<key>desiredStart</key>
			<string>20100304110926</string>
			<key>effort</key>
			<real>86400</real>
			<key>objectId</key>
			<integer>1209</integer>
			<key>prerequisites</key>
			<array>
				<dict>
					<key>id</key>
					<integer>1205</integer>
					<key>isResource</key>
					<string>YES</string>
					<key>kind</key>
					<integer>2</integer>
				</dict>
			</array>
			<key>task</key>
			<string>Software Architecture Re-work</string>
			<key>workSeconds</key>
			<real>86400</real>
			<key>workTime</key>
			<real>24</real>
		</dict>
		<dict>
			<key>assignments</key>
			<array>
				<dict>
					<key>id</key>
					<integer>47</integer>
					<key>units</key>
					<real>1</real>
				</dict>
			</array>
			<key>desiredStart</key>
			<string>20100312180211</string>
			<key>effort</key>
			<real>43200</real>
			<key>objectId</key>
			<integer>1227</integer>
			<key>prerequisites</key>
			<array>
				<dict>
					<key>id</key>
					<integer>1185</integer>
					<key>isResource</key>
					<string>YES</string>
					<key>kind</key>
					<integer>2</integer>
				</dict>
			</array>
			<key>task</key>
			<string>Beta Test Plan Generation</string>
			<key>workSeconds</key>
			<real>43200</real>
			<key>workTime</key>
			<real>12</real>
		</dict>
		<dict>
			<key>children</key>
			<array>
				<integer>1227</integer>
				<integer>1231</integer>
				<integer>1280</integer>
				<integer>1303</integer>
				<integer>1261</integer>
			</array>
			<key>objectId</key>
			<integer>1228</integer>
			<key>task</key>
			<string>Beta</string>
		</dict>
		<dict>
			<key>assignments</key>
			<array>
				<dict>
					<key>id</key>
					<integer>46</integer>
					<key>units</key>
					<real>1</real>
				</dict>
			</array>
			<key>effort</key>
			<real>360000</real>
			<key>objectId</key>
			<integer>1231</integer>
			<key>task</key>
			<string>Engineering</string>
			<key>workSeconds</key>
			<real>360000</real>
			<key>workTime</key>
			<real>100</real>
		</dict>
		<dict>
			<key>assignments</key>
			<array>
				<dict>
					<key>id</key>
					<integer>47</integer>
					<key>units</key>
					<real>1</real>
				</dict>
			</array>
			<key>effort</key>
			<real>43200</real>
			<key>objectId</key>
			<integer>1236</integer>
			<key>task</key>
			<string>Final Release Test Plan Generation</string>
			<key>workSeconds</key>
			<real>43200</real>
			<key>workTime</key>
			<real>12</real>
		</dict>
		<dict>
			<key>children</key>
			<array>
				<integer>1236</integer>
				<integer>1330</integer>
				<integer>1306</integer>
				<integer>1307</integer>
				<integer>2</integer>
			</array>
			<key>objectId</key>
			<integer>1237</integer>
			<key>prerequisites</key>
			<array>
				<dict>
					<key>id</key>
					<integer>1278</integer>
					<key>kind</key>
					<integer>2</integer>
				</dict>
			</array>
			<key>task</key>
			<string>Final Release</string>
		</dict>
		<dict>
			<key>children</key>
			<array>
				<integer>1265</integer>
				<integer>1266</integer>
				<integer>1267</integer>
				<integer>1268</integer>
				<integer>1263</integer>
				<integer>1264</integer>
				<integer>1262</integer>
			</array>
			<key>objectId</key>
			<integer>1261</integer>
			<key>prerequisites</key>
			<array>
				<dict>
					<key>id</key>
					<integer>1280</integer>
					<key>kind</key>
					<integer>2</integer>
				</dict>
			</array>
			<key>startConstraintDate</key>
			<string>20090624000025</string>
			<key>task</key>
			<string>Beta Launch</string>
		</dict>
		<dict>
			<key>assignments</key>
			<array>
				<dict>
					<key>id</key>
					<integer>14</integer>
					<key>units</key>
					<real>1</real>
				</dict>
			</array>
			<key>effort</key>
			<real>0.0</real>
			<key>objectId</key>
			<integer>1262</integer>
			<key>startConstraintDate</key>
			<string>20090701000023</string>
			<key>task</key>
			<string>Beta Completion</string>
		</dict>
		<dict>
			<key>assignments</key>
			<array>
				<dict>
					<key>id</key>
					<integer>12</integer>
					<key>units</key>
					<real>1</real>
				</dict>
			</array>
			<key>effort</key>
			<real>0.0</real>
			<key>objectId</key>
			<integer>1263</integer>
			<key>task</key>
			<string>Client Approval of Beta</string>
		</dict>
		<dict>
			<key>assignments</key>
			<array>
				<dict>
					<key>id</key>
					<integer>4</integer>
					<key>units</key>
					<real>1</real>
				</dict>
				<dict>
					<key>id</key>
					<integer>46</integer>
					<key>units</key>
					<real>1</real>
				</dict>
			</array>
			<key>desiredStart</key>
			<string>20100401172926</string>
			<key>effort</key>
			<real>50400</real>
			<key>objectId</key>
			<integer>1264</integer>
			<key>prerequisites</key>
			<array>
				<dict>
					<key>id</key>
					<integer>1267</integer>
					<key>isResource</key>
					<string>YES</string>
					<key>kind</key>
					<integer>2</integer>
				</dict>
			</array>
			<key>task</key>
			<string>Beta Push</string>
			<key>workSeconds</key>
			<real>25200</real>
			<key>workTime</key>
			<real>7</real>
		</dict>
		<dict>
			<key>assignments</key>
			<array>
				<dict>
					<key>id</key>
					<integer>14</integer>
					<key>units</key>
					<real>1</real>
				</dict>
			</array>
			<key>effort</key>
			<real>0.0</real>
			<key>objectId</key>
			<integer>1265</integer>
			<key>task</key>
			<string>Initial Beta Delivery</string>
		</dict>
		<dict>
			<key>assignments</key>
			<array>
				<dict>
					<key>id</key>
					<integer>12</integer>
					<key>units</key>
					<real>1</real>
				</dict>
			</array>
			<key>effort</key>
			<real>0.0</real>
			<key>objectId</key>
			<integer>1266</integer>
			<key>prerequisites</key>
			<array>
				<dict>
					<key>id</key>
					<integer>1265</integer>
					<key>kind</key>
					<integer>2</integer>
					<key>leadPercentage</key>
					<string>NO</string>
					<key>leadTime</key>
					<real>40</real>
					<key>leadTimeSeconds</key>
					<real>144000</real>
				</dict>
			</array>
			<key>task</key>
			<string>Client Feedback on Beta</string>
		</dict>
		<dict>
			<key>assignments</key>
			<array>
				<dict>
					<key>id</key>
					<integer>4</integer>
					<key>units</key>
					<real>1</real>
				</dict>
				<dict>
					<key>id</key>
					<integer>46</integer>
					<key>units</key>
					<real>1</real>
				</dict>
			</array>
			<key>desiredStart</key>
			<string>20100401110926</string>
			<key>effort</key>
			<real>57600</real>
			<key>objectId</key>
			<integer>1267</integer>
			<key>prerequisites</key>
			<array>
				<dict>
					<key>id</key>
					<integer>1266</integer>
					<key>kind</key>
					<integer>2</integer>
				</dict>
				<dict>
					<key>id</key>
					<integer>1303</integer>
					<key>isResource</key>
					<string>YES</string>
					<key>kind</key>
					<integer>2</integer>
				</dict>
			</array>
			<key>task</key>
			<string>Beta Re-engineering</string>
			<key>workSeconds</key>
			<real>28800</real>
			<key>workTime</key>
			<real>8</real>
		</dict>
		<dict>
			<key>assignments</key>
			<array>
				<dict>
					<key>id</key>
					<integer>14</integer>
					<key>units</key>
					<real>1</real>
				</dict>
			</array>
			<key>effort</key>
			<real>0.0</real>
			<key>objectId</key>
			<integer>1268</integer>
			<key>prerequisites</key>
			<array>
				<dict>
					<key>id</key>
					<integer>1267</integer>
					<key>kind</key>
					<integer>2</integer>
				</dict>
			</array>
			<key>task</key>
			<string>Beta Re-delivery</string>
		</dict>
		<dict>
			<key>assignments</key>
			<array>
				<dict>
					<key>id</key>
					<integer>12</integer>
					<key>units</key>
					<real>1</real>
				</dict>
			</array>
			<key>effort</key>
			<real>0.0</real>
			<key>objectId</key>
			<integer>1278</integer>
			<key>prerequisites</key>
			<array>
				<dict>
					<key>id</key>
					<integer>1261</integer>
					<key>kind</key>
					<integer>2</integer>
					<key>leadPercentage</key>
					<string>NO</string>
					<key>leadTime</key>
					<real>40</real>
					<key>leadTimeSeconds</key>
					<real>144000</real>
				</dict>
			</array>
			<key>task</key>
			<string>Lump Feedback on Beta Due from Client</string>
		</dict>
		<dict>
			<key>assignments</key>
			<array>
				<dict>
					<key>id</key>
					<integer>48</integer>
					<key>units</key>
					<real>1</real>
				</dict>
			</array>
			<key>effort</key>
			<real>86400</real>
			<key>objectId</key>
			<integer>1280</integer>
			<key>prerequisites</key>
			<array>
				<dict>
					<key>id</key>
					<integer>1227</integer>
					<key>kind</key>
					<integer>2</integer>
				</dict>
			</array>
			<key>task</key>
			<string>Internal Beta QA</string>
			<key>workSeconds</key>
			<real>86400</real>
			<key>workTime</key>
			<real>24</real>
		</dict>
		<dict>
			<key>children</key>
			<array>
				<integer>26</integer>
			</array>
			<key>objectId</key>
			<integer>1283</integer>
			<key>task</key>
			<string>Discovery</string>
		</dict>
		<dict>
			<key>assignments</key>
			<array>
				<dict>
					<key>id</key>
					<integer>46</integer>
					<key>units</key>
					<real>1</real>
				</dict>
			</array>
			<key>desiredStart</key>
			<string>20100329160926</string>
			<key>effort</key>
			<real>144000</real>
			<key>objectId</key>
			<integer>1303</integer>
			<key>prerequisites</key>
			<array>
				<dict>
					<key>id</key>
					<integer>1231</integer>
					<key>isResource</key>
					<string>YES</string>
					<key>kind</key>
					<integer>2</integer>
				</dict>
				<dict>
					<key>id</key>
					<integer>1280</integer>
					<key>kind</key>
					<integer>2</integer>
				</dict>
			</array>
			<key>task</key>
			<string>Beta Engineering Re-work from Internal QA</string>
			<key>workSeconds</key>
			<real>144000</real>
			<key>workTime</key>
			<real>40</real>
		</dict>
		<dict>
			<key>assignments</key>
			<array>
				<dict>
					<key>id</key>
					<integer>48</integer>
					<key>units</key>
					<real>1</real>
				</dict>
			</array>
			<key>effort</key>
			<real>115200</real>
			<key>objectId</key>
			<integer>1306</integer>
			<key>prerequisites</key>
			<array>
				<dict>
					<key>id</key>
					<integer>1236</integer>
					<key>kind</key>
					<integer>2</integer>
				</dict>
			</array>
			<key>task</key>
			<string>Internal Final Release QA</string>
			<key>workSeconds</key>
			<real>115200</real>
			<key>workTime</key>
			<real>32</real>
		</dict>
		<dict>
			<key>assignments</key>
			<array>
				<dict>
					<key>id</key>
					<integer>46</integer>
					<key>units</key>
					<real>1</real>
				</dict>
			</array>
			<key>desiredStart</key>
			<string>20100421112926</string>
			<key>effort</key>
			<real>115200</real>
			<key>objectId</key>
			<integer>1307</integer>
			<key>prerequisites</key>
			<array>
				<dict>
					<key>id</key>
					<integer>1306</integer>
					<key>kind</key>
					<integer>2</integer>
				</dict>
				<dict>
					<key>id</key>
					<integer>1330</integer>
					<key>isResource</key>
					<string>YES</string>
					<key>kind</key>
					<integer>2</integer>
				</dict>
			</array>
			<key>task</key>
			<string>Final Release Engineering Re-work</string>
			<key>workSeconds</key>
			<real>115200</real>
			<key>workTime</key>
			<real>32</real>
		</dict>
		<dict>
			<key>assignments</key>
			<array>
				<dict>
					<key>id</key>
					<integer>12</integer>
					<key>units</key>
					<real>1</real>
				</dict>
			</array>
			<key>effort</key>
			<real>0.0</real>
			<key>objectId</key>
			<integer>1323</integer>
			<key>prerequisites</key>
			<array>
				<dict>
					<key>id</key>
					<integer>1228</integer>
					<key>kind</key>
					<integer>0</integer>
				</dict>
			</array>
			<key>task</key>
			<string>Beta Assets Received from Client</string>
		</dict>
		<dict>
			<key>assignments</key>
			<array>
				<dict>
					<key>id</key>
					<integer>12</integer>
					<key>units</key>
					<real>1</real>
				</dict>
			</array>
			<key>effort</key>
			<real>0.0</real>
			<key>objectId</key>
			<integer>1324</integer>
			<key>prerequisites</key>
			<array>
				<dict>
					<key>id</key>
					<integer>1237</integer>
					<key>kind</key>
					<integer>0</integer>
				</dict>
			</array>
			<key>task</key>
			<string>Final Release Assets Received from Client</string>
		</dict>
		<dict>
			<key>assignments</key>
			<array>
				<dict>
					<key>id</key>
					<integer>46</integer>
					<key>units</key>
					<real>1</real>
				</dict>
			</array>
			<key>effort</key>
			<real>216000</real>
			<key>objectId</key>
			<integer>1330</integer>
			<key>task</key>
			<string>Engineering</string>
			<key>workSeconds</key>
			<real>216000</real>
			<key>workTime</key>
			<real>60</real>
		</dict>
		<dict>
			<key>assignments</key>
			<array>
				<dict>
					<key>id</key>
					<integer>63</integer>
					<key>units</key>
					<real>0.15000000596046448</real>
				</dict>
				<dict>
					<key>id</key>
					<integer>91</integer>
					<key>units</key>
					<real>1</real>
				</dict>
			</array>
			<key>effort</key>
			<real>57600</real>
			<key>objectId</key>
			<integer>1337</integer>
			<key>prerequisites</key>
			<array>
				<dict>
					<key>id</key>
					<integer>1181</integer>
					<key>kind</key>
					<integer>2</integer>
				</dict>
			</array>
			<key>task</key>
			<string>Moodboard Creation</string>
			<key>workSeconds</key>
			<real>50086.95703125</real>
			<key>workTime</key>
			<real>13.913043975830078</real>
		</dict>
		<dict>
			<key>assignments</key>
			<array>
				<dict>
					<key>id</key>
					<integer>14</integer>
					<key>units</key>
					<real>1</real>
				</dict>
			</array>
			<key>effort</key>
			<real>0.0</real>
			<key>objectId</key>
			<integer>1338</integer>
			<key>prerequisites</key>
			<array>
				<dict>
					<key>id</key>
					<integer>1337</integer>
					<key>kind</key>
					<integer>2</integer>
				</dict>
			</array>
			<key>task</key>
			<string>Moodboard Delivery</string>
		</dict>
		<dict>
			<key>assignments</key>
			<array>
				<dict>
					<key>id</key>
					<integer>12</integer>
					<key>units</key>
					<real>1</real>
				</dict>
			</array>
			<key>effort</key>
			<real>0.0</real>
			<key>objectId</key>
			<integer>1339</integer>
			<key>prerequisites</key>
			<array>
				<dict>
					<key>id</key>
					<integer>1338</integer>
					<key>kind</key>
					<integer>2</integer>
				</dict>
			</array>
			<key>task</key>
			<string>Moodboard Selection/Feedback</string>
		</dict>
	</array>
	<key>topResources</key>
	<array>
		<integer>-1</integer>
	</array>
	<key>topTasks</key>
	<array>
		<integer>-1</integer>
	</array>
	<key>uuid</key>
	<string>A227C7C1-329A-447E-8E7B-D48AD5788371</string>
	<key>version</key>
	<integer>2</integer>
</dict>
</plist>
